<window>
    <controls>

        <!-- Écran noir de fond -->
        <control type="image">
            <posx>0</posx>
            <posy>0</posy>
            <width>1920</width>
            <height>1080</height>
            <texture colordiffuse="FF000000">special://skin/extras/splash/black.png</texture>
        </control>

        <!-- Logo ADX -->
        <control type="image">
            <posx>710</posx>
            <posy>360</posy>
            <width>500</width>
            <height>300</height>
            <texture>special://skin/extras/splash/adx_splash.png</texture>
            <animation effect="zoom" start="60" end="100" time="1200" tween="quadratic" easing="out" reversible="false"/>
            <animation effect="fade" start="0" end="100" time="1200" delay="100" tween="quadratic" easing="out"/>
        </control>

        <!-- Disparition du splash -->
        <animation effect="fade" start="100" end="0" delay="2500" time="600" reversible="false" condition="true">WindowClose</animation>

    </controls>
</window>
